,0,1,2
0,1379200695426023426,Mon Apr 05 22:34:04 +0000 2021,http://ih.advfn.com/stock-market/NASDAQ/AAPL/stock-news/Statement-of-Changes-in-Beneficial-Ownership-4/84752844?adw=1126416
1,1379200680955613185,Mon Apr 05 22:34:01 +0000 2021,https://app.seersite.com/posts/are-apple-google-and-facebook-enabling-predatory-lending-ljdw
2,1379200186967199749,Mon Apr 05 22:32:03 +0000 2021,http://dlvr.it/Rx3tGZ
3,1379200121783603203,Mon Apr 05 22:31:47 +0000 2021,https://twitter.com/jgreenwald86/status/1379183089495199749
4,1379199865184514052,Mon Apr 05 22:30:46 +0000 2021,https://twitter.com/BullishJason/status/1379198948343156738
5,1379199436530753539,Mon Apr 05 22:29:04 +0000 2021,https://discord.gg/uhhcKnp
6,1379198953682567169,Mon Apr 05 22:27:09 +0000 2021,https://www.cdc.gov/nchs/nvss/vsrr/covid19/excess_deaths.htm
7,1379198911441670145,Mon Apr 05 22:26:59 +0000 2021,http://twitch.tv/winternomics
8,1379198780399104003,Mon Apr 05 22:26:28 +0000 2021,"http://www.cityfalcon.com/watchlists?assets=AAPL,%20DB,%20BP&utm_campaign=T_AT"
9,1379198418283864065,Mon Apr 05 22:25:01 +0000 2021,http://ow.ly/Sd4q30rDkpq
10,1379197862194515968,Mon Apr 05 22:22:49 +0000 2021,https://www.smartoptions.ai
11,1379197582694621186,Mon Apr 05 22:21:42 +0000 2021,"http://www.cityfalcon.com/watchlists?assets=$AAPL,$SPX"
12,1379196185311780864,Mon Apr 05 22:16:09 +0000 2021,https://tinyurl.com/98na8u5p
13,1379195912107388931,Mon Apr 05 22:15:04 +0000 2021,http://dlvr.it/Rx3rbB
14,1379195680737071105,Mon Apr 05 22:14:09 +0000 2021,http://www.cityfalcon.com/watchlists?name=US%20Tech%20Giants&utm_campaign=T_AT
15,1379194926278270976,Mon Apr 05 22:11:09 +0000 2021,https://www.theoptionsinsider.com/news/most-active-options/hotoptions-report-for-end-of-day-april-5-2021-aapl-tsla-pltr-msft-fb-amc-nio-f-viac-amzn-gme-amd-mara-ba-bac-gm-baba-ccl-gps-vale/
16,1379194312647274500,Mon Apr 05 22:08:42 +0000 2021,https://chrt.biz/AAPL/14789559jbt/chart/
17,1379193311215378433,Mon Apr 05 22:04:44 +0000 2021,https://discord.gg/uhhcKnp
18,1379193086576898052,Mon Apr 05 22:03:50 +0000 2021,https://www.investors.com/market-trend/stock-market-today/dow-jones-futures-tesla-deliveries-jobs-report-stock-market-rally-google-microsoft/
19,1379192824835506179,Mon Apr 05 22:02:48 +0000 2021,https://youtu.be/6MKki8aK8Ws
20,1379192733324079108,Mon Apr 05 22:02:26 +0000 2021,https://youtu.be/lCbynQ1J758
21,1379192321825120259,Mon Apr 05 22:00:48 +0000 2021,https://youtu.be/lCbynQ1J758
22,1379192196671410176,Mon Apr 05 22:00:18 +0000 2021,https://www.thestreet.com/apple/stock/apple-stock-wall-street-sees-strong-growth-in-the-quarter
23,1379192177541193733,Mon Apr 05 22:00:13 +0000 2021,https://twitter.com/smashelito/status/1378799309395755012
24,1379191879321800704,Mon Apr 05 21:59:02 +0000 2021,http://dlvr.it/Rx3pm2
25,1379190923867742210,Mon Apr 05 21:55:15 +0000 2021,https://www.nikkei.com/article/DGXZASFL05HVK_W1A400C2000000/
26,1379190565506539521,Mon Apr 05 21:53:49 +0000 2021,http://maximum-pain.com/options/AAPL?m=04%2f09%2f2021
27,1379190426951880706,Mon Apr 05 21:53:16 +0000 2021,"http://www.cityfalcon.com/watchlists?assets=oil,%20aapl,%20eurusd&utm_campaign=T_AT"
28,1379189746174464001,Mon Apr 05 21:50:34 +0000 2021,https://pennystocks.com/featured/2021/04/05/4-penny-stocks-tech-stock-watch-list-april-2021/
29,1379189434478862338,Mon Apr 05 21:49:19 +0000 2021,https://twitter.com/jakebrowatzke/status/1379084590069989380
30,1379188904117428226,Mon Apr 05 21:47:13 +0000 2021,https://www.smartoptions.ai/post/whyoptionstraderslose
31,1379188556439162887,Mon Apr 05 21:45:50 +0000 2021,https://twitter.com/etfedgecnbc/status/1379086557102096387
32,1379188278897807360,Mon Apr 05 21:44:44 +0000 2021,https://twitter.com/deepotmcall/status/1377256222785683459
33,1379187816769409026,Mon Apr 05 21:42:54 +0000 2021,https://murphycharts.substack.com/p/tune-out-the-noise
34,1379187728906997760,Mon Apr 05 21:42:33 +0000 2021,http://dlvr.it/Rx3nD9
35,1379187066769182726,Mon Apr 05 21:39:55 +0000 2021,http://www.cityfalcon.com/watchlists?name=Nasdaq%20Tracker&utm_campaign=T_AT
36,1379185951063244801,Mon Apr 05 21:35:29 +0000 2021,https://youtu.be/YWr2gi6yP4k
37,1379185919698276354,Mon Apr 05 21:35:21 +0000 2021,https://youtu.be/6MKki8aK8Ws
38,1379185630291312646,Mon Apr 05 21:34:12 +0000 2021,https://youtu.be/YWr2gi6yP4k
39,1379185513404362752,Mon Apr 05 21:33:45 +0000 2021,https://twitter.com/momiage0088/status/1379166816061243399
40,1379185482672660487,Mon Apr 05 21:33:37 +0000 2021,https://www.yahoo.com/entertainment/netflix-lost-31-market-share-130058085.html
41,1379185435709042690,Mon Apr 05 21:33:26 +0000 2021,https://www.smartoptions.ai
42,1379184884158066690,Mon Apr 05 21:31:15 +0000 2021,https://cnb.cx/39Fm1yT
43,1379184685662797836,Mon Apr 05 21:30:27 +0000 2021,https://twitter.com/reciknows/status/1377368745232920576
44,1379184586761064450,Mon Apr 05 21:30:04 +0000 2021,https://newsfilter.io/articles/enjoy-said-in-talks-to-go-public-via-chicago-cubs-owners-spac-47dde53c2d7c3e51b9873e81b7418712
45,1379183580526436353,Mon Apr 05 21:26:04 +0000 2021,http://dlvr.it/Rx3lXR
46,1379183574029455363,Mon Apr 05 21:26:02 +0000 2021,http://dlvr.it/Rx3lWn
47,1379183322325221378,Mon Apr 05 21:25:02 +0000 2021,http://ow.ly/YcTB30rDkpp
48,1379183322186854403,Mon Apr 05 21:25:02 +0000 2021,http://ow.ly/RYgZ30rDkpb
49,1379182845978157058,Mon Apr 05 21:23:09 +0000 2021,http://gkrumbach07.github.io/tsp-website/
50,1379182557057720322,Mon Apr 05 21:22:00 +0000 2021,https://twitter.com/ThetaWarrior/status/1378875032454098944
51,1379182528024698883,Mon Apr 05 21:21:53 +0000 2021,https://www.nytimes.com/2021/04/05/opinion/is-apples-privacy-push-facebooks-existential-threat.html?referringSource=articleShare
52,1379181785666359296,Mon Apr 05 21:18:56 +0000 2021,http://staygreen.blackboxstocks.com/SHt
53,1379181741894684677,Mon Apr 05 21:18:45 +0000 2021,https://linktr.ee/KR..Profit.Trades
54,1379181740451799040,Mon Apr 05 21:18:45 +0000 2021,https://www.cnbc.com/2021/04/05/tim-cook-interview-apples-car-plans-and-thoughts-on-elon-musk.html
55,1379181327786778625,Mon Apr 05 21:17:07 +0000 2021,https://apps.apple.com/app/apple-store/id1454196854?pt=118022995&ct=sim_twitter&mt=8
56,1379179867183415300,Mon Apr 05 21:11:18 +0000 2021,https://www.vhinny.com/p/this-is-my-aapl-positions-and-why-im-buying-more-3nyam1o7tk?utm_source=twitter&utm_medium=referral&utm_campaign=this-is-my-aapl-positions-and-why-im-buying-more-3nyam1o7tk
57,1379179529407655939,Mon Apr 05 21:09:58 +0000 2021,https://www.cnbc.com/2021/04/05/tim-cook-interview-apples-car-plans-and-thoughts-on-elon-musk.html
58,1379179418682155009,Mon Apr 05 21:09:31 +0000 2021,http://dlvr.it/Rx3jX0
59,1379179046764957699,Mon Apr 05 21:08:03 +0000 2021,https://talkmarkets.com/content/stocks--equities/bullish-hubris-at-all-time-highs?post=306312
60,1379179013298483200,Mon Apr 05 21:07:55 +0000 2021,https://topbreakoutstocks.com/aapl
61,1379178740069105671,Mon Apr 05 21:06:50 +0000 2021,https://youtu.be/3D9wNB3VsNc
62,1379178395393789953,Mon Apr 05 21:05:28 +0000 2021,http://www.cityfalcon.com/watchlists?name=S%26P%20500%20Tracker&utm_campaign=T_AT
63,1379177553877950465,Mon Apr 05 21:02:07 +0000 2021,https://discord.gg/XACyzCB9RE
64,1379176636684271619,Mon Apr 05 20:58:28 +0000 2021,http://youtube.com/watch?v=5Y7J_Q
65,1379176501422157827,Mon Apr 05 20:57:56 +0000 2021,https://www.marketbeat.com/stocks/NASDAQ/AAPL/
66,1379175955902689282,Mon Apr 05 20:55:46 +0000 2021,https://chartswithbret.com/2021/04/05/top-5-stocks-for-next-week-aapl-ma-nio-pltr-and-tsla/
67,1379175517165850627,Mon Apr 05 20:54:01 +0000 2021,https://www.bulldude.com/chart-patterns/potential-breakout-6-interesting-stocks-to-watch/
68,1379175134775242754,Mon Apr 05 20:52:30 +0000 2021,https://twitter.com/cruvoir/status/1379174896563982344
69,1379174809553272838,Mon Apr 05 20:51:13 +0000 2021,https://www.stck.pro/news/AAPL/12086331
70,1379174800304799747,Mon Apr 05 20:51:10 +0000 2021,https://twitter.com/AquinarAquino/status/1379144380217315328
71,1379174448889233416,Mon Apr 05 20:49:47 +0000 2021,https://www.cnbc.com/2021/04/05/tim-cook-interview-apples-car-plans-and-thoughts-on-elon-musk.html
72,1379174284845850630,Mon Apr 05 20:49:07 +0000 2021,https://www.cnet.com/google-amp/news/tim-cook-acknowledges-ars-importance-in-apples-future/?__twitter_impression=true
73,1379174132085100544,Mon Apr 05 20:48:31 +0000 2021,https://twitter.com/JDB_trading/status/1378295755140632577
74,1379173292985188356,Mon Apr 05 20:45:11 +0000 2021,https://discord.gg/Mh4uRKZFwp
75,1379172335601745920,Mon Apr 05 20:41:23 +0000 2021,https://twitter.com/TechCrunch/status/1379171898534297612
76,1379171332965986305,Mon Apr 05 20:37:24 +0000 2021,https://www.youtube.com/watch?v=BjYYvBBOh60
77,1379171097921298433,Mon Apr 05 20:36:28 +0000 2021,https://stockhoot.com/extTopMovers.aspx?q=MostActive&t=925&Social=Twitter
78,1379170732173836289,Mon Apr 05 20:35:00 +0000 2021,http://optionsonar.com/unusual-option-activity/aapl/latest-trades
79,1379170453634318338,Mon Apr 05 20:33:54 +0000 2021,http://xclusive-trading.com
80,1379170094140514307,Mon Apr 05 20:32:28 +0000 2021,https://www.bulldude.com/chart-patterns/potential-breakout-6-interesting-stocks-to-watch/
81,1379170005238087682,Mon Apr 05 20:32:07 +0000 2021,https://www.bulldude.com/chart-patterns/potential-breakout-6-interesting-stocks-to-watch/
82,1379168962366242818,Mon Apr 05 20:27:59 +0000 2021,https://apple.co/2XZuTYw
83,1379168906951135237,Mon Apr 05 20:27:45 +0000 2021,http://stockbeep.com/mad-apr5p
84,1379168837661249538,Mon Apr 05 20:27:29 +0000 2021,https://twitter.com/optionflys/status/1376990608494059527?s=20
85,1379168468466028549,Mon Apr 05 20:26:01 +0000 2021,https://youtu.be/Twv2-voTNYc
86,1379168408890040323,Mon Apr 05 20:25:47 +0000 2021,https://dfdnews.com/2021/04/05/making-sense-of-grocery/
87,1379168399746596868,Mon Apr 05 20:25:44 +0000 2021,https://twitter.com/entrepreneur/status/1379167398310375425
88,1379168350274641920,Mon Apr 05 20:25:33 +0000 2021,https://www.smartoptions.ai
89,1379168222960873475,Mon Apr 05 20:25:02 +0000 2021,http://ow.ly/rzlE30rDkpo
90,1379167854340276233,Mon Apr 05 20:23:34 +0000 2021,https://twitter.com/breakingoptions/status/1377820129573081091
91,1379167779475968001,Mon Apr 05 20:23:16 +0000 2021,https://apple.co/2XZuTYw
92,1379167513620144133,Mon Apr 05 20:22:13 +0000 2021,http://stockbeep.com/mas-apr5p
93,1379167462185443332,Mon Apr 05 20:22:01 +0000 2021,https://reddit.com/r/OUST/
94,1379166930284646400,Mon Apr 05 20:19:54 +0000 2021,https://mailchi.mp/b80f100b7d07/psychomarket-recap-monday-april-5-2021
95,1379166797098754050,Mon Apr 05 20:19:22 +0000 2021,https://www.smartoptions.ai
96,1379166464570138624,Mon Apr 05 20:18:03 +0000 2021,https://tinyurl.com/yg6gwcxq
97,1379166394592419843,Mon Apr 05 20:17:46 +0000 2021,http://breakingoptions.com/live-trading-2/
98,1379165926097096715,Mon Apr 05 20:15:55 +0000 2021,https://www.marketbit.pro
99,1379165785155907584,Mon Apr 05 20:15:21 +0000 2021,https://marketchameleon.com/Overview/AAPL/OptionChain/?e=17974_20210521
100,1379165754864582657,Mon Apr 05 20:15:14 +0000 2021,https://discord.gg/Mh4uRKZFwp
101,1379165629081657348,Mon Apr 05 20:14:44 +0000 2021,https://finance.yahoo.com/news/stock-market-news-live-updates-april-5-2021-112641523.html
102,1379165608722370563,Mon Apr 05 20:14:39 +0000 2021,https://discord.gg/TSeTFYz
103,1379165459883290625,Mon Apr 05 20:14:03 +0000 2021,https://www.bloomberg.com/news/articles/2021-04-03/european-tv-channels-want-to-merge-to-fight-u-s-rivals?sref=FW2A5Nlq
104,1379165456792174592,Mon Apr 05 20:14:03 +0000 2021,https://www.smartoptions.ai/post/howtomanagecapital
105,1379165332070277121,Mon Apr 05 20:13:33 +0000 2021,https://www.hollywoodreporter.com/news/hulu-enters-branded-entertainment-space-with-exposure-competition-series-exclusive
106,1379165220342431745,Mon Apr 05 20:13:06 +0000 2021,http://Www.spartantrading.com
107,1379164863591718912,Mon Apr 05 20:11:41 +0000 2021,https://www.hollywoodreporter.com/news/analyst-upgrades-amc-theatres-says-godzilla-vs-kong-destroys-lingering-concerns-around-theatrical-window
108,1379164678228602880,Mon Apr 05 20:10:57 +0000 2021,https://www.bloomberg.com/news/articles/2021-03-31/comcast-weighs-pulling-universal-s-movies-from-hbo-max-netflix
109,1379164565305450501,Mon Apr 05 20:10:30 +0000 2021,http://optionsonar.com/unusual-option-activity/aapl/latest-trades
110,1379164066111950849,Mon Apr 05 20:08:31 +0000 2021,https://youtu.be/8miEQJQx92k
111,1379163967407423490,Mon Apr 05 20:08:08 +0000 2021,https://t.me/doublegtrading
112,1379163733524635648,Mon Apr 05 20:07:12 +0000 2021,https://www.nytimes.com/2021/04/05/opinion/is-apples-privacy-push-facebooks-existential-threat.html?referringSource=articleShare
113,1379163690507804672,Mon Apr 05 20:07:02 +0000 2021,https://www.smartoptions.ai
114,1379163686594576389,Mon Apr 05 20:07:01 +0000 2021,https://twitter.com/nstocks96/status/1378438509413957637
115,1379163643120660484,Mon Apr 05 20:06:50 +0000 2021,https://join.robinhood.com/holdenj51
116,1379163571024617473,Mon Apr 05 20:06:33 +0000 2021,https://variety.com/vip/medias-stock-slump-1234943735/?cx_testId=51&cx_testVariant=cx_2&cx_artPos=0#cxrecs_s
117,1379163570705928192,Mon Apr 05 20:06:33 +0000 2021,https://discord.gg/Mh4uRKZFwp
118,1379163552800514057,Mon Apr 05 20:06:29 +0000 2021,https://www.nytimes.com/2021/04/05/opinion/is-apples-privacy-push-facebooks-existential-threat.html?referringSource=articleShare
119,1379163505270620165,Mon Apr 05 20:06:17 +0000 2021,http://stockbeep.com/bo-apr5e
120,1379163340946161667,Mon Apr 05 20:05:38 +0000 2021,http://tickertrak.com
121,1379163054361956354,Mon Apr 05 20:04:30 +0000 2021,http://www.rapidtradinggroup.com
122,1379162689562271744,Mon Apr 05 20:03:03 +0000 2021,https://www.mediaplaynews.com/godzilla-vs-kong-largest-ever-hbo-max-streaming-audience/
123,1379162487224946688,Mon Apr 05 20:02:15 +0000 2021,http://www.openoutcrier.com
124,1379162438289874947,Mon Apr 05 20:02:03 +0000 2021,http://dlvr.it/Rx3YwM
125,1379162432795369472,Mon Apr 05 20:02:02 +0000 2021,http://dlvr.it/Rx3Ytw
126,1379162416911683588,Mon Apr 05 20:01:58 +0000 2021,https://www.nikkei.com/article/DGXZQOGN01GAS0R00C21A4000000
127,1379162195796320265,Mon Apr 05 20:01:05 +0000 2021,https://twitter.com/thefakecuong/status/1377713253191725059
128,1379162137247899649,Mon Apr 05 20:00:51 +0000 2021,https://www.smartoptions.ai
129,1379161895718948866,Mon Apr 05 19:59:54 +0000 2021,http://finviz.com
130,1379161713816256512,Mon Apr 05 19:59:10 +0000 2021,"http://www.cityfalcon.com/watchlists?assets=aapl,%20tsla&utm_campaign=T_AT"
131,1379161168254799874,Mon Apr 05 19:57:00 +0000 2021,http://trade8.to/trade/AAPL
132,1379160861130911747,Mon Apr 05 19:55:47 +0000 2021,https://twitter.com/LAVAoption/status/1379151883428786184
133,1379160824170823681,Mon Apr 05 19:55:38 +0000 2021,https://schrts.co/VVkAycQv
134,1379160284506464256,Mon Apr 05 19:53:30 +0000 2021,https://apple.co/2XZuTYw
135,1379160273999720450,Mon Apr 05 19:53:27 +0000 2021,https://apple.co/2XZuTYw
136,1379159960311988227,Mon Apr 05 19:52:12 +0000 2021,https://www.nytimes.com/2021/04/05/opinion/is-apples-privacy-push-facebooks-existential-threat.html?referringSource=articleShare
137,1379159674528874500,Mon Apr 05 19:51:04 +0000 2021,http://www.smartoptions.ai/post/howoptionstradersmademillions
138,1379159410480574464,Mon Apr 05 19:50:01 +0000 2021,https://www.otcmarkets.com/stock/BTHR/news/Sports-Venues-of-Florida-OTCMKTS-BTHR-Releases-Management-Report-for-the-Week-Ended-March-20-2021-Includes-Overview-of-Q?id=294625
139,1379159393397211136,Mon Apr 05 19:49:57 +0000 2021,https://www.clsholdingsinc.com/investors/news-events
140,1379159380445122561,Mon Apr 05 19:49:54 +0000 2021,https://www.clsholdingsinc.com/investors/news-events
141,1379159339391275008,Mon Apr 05 19:49:44 +0000 2021,https://twitter.com/cryptonator1337/status/1377965802478055425
142,1379159117319696385,Mon Apr 05 19:48:51 +0000 2021,https://discord.gg/XACyzCB9RE
143,1379158993009061890,Mon Apr 05 19:48:22 +0000 2021,https://www.thestreet.com/apple/stock/apple-stock-wall-street-sees-strong-growth-in-the-quarter
144,1379158669905031172,Mon Apr 05 19:47:05 +0000 2021,http://www.aheadsup.com/twitter/newsentiment.html?user=usequities
145,1379158651034800132,Mon Apr 05 19:47:00 +0000 2021,https://ebay.us/18LvWI
146,1379158646869921796,Mon Apr 05 19:46:59 +0000 2021,http://www.aheadsup.com/twitter/newsentiment.html?user=usequities
147,1379158620311597061,Mon Apr 05 19:46:53 +0000 2021,http://www.aheadsup.com/twitter/newsentiment.html?user=usequities
148,1379158592994033665,Mon Apr 05 19:46:46 +0000 2021,http://www.aheadsup.com/twitter/newsentiment.html?user=usequities
149,1379158173530087424,Mon Apr 05 19:45:06 +0000 2021,https://ift.tt/2HqwA9z
150,1379158164763860993,Mon Apr 05 19:45:04 +0000 2021,http://dlvr.it/Rx3XJQ
151,1379158158908649474,Mon Apr 05 19:45:03 +0000 2021,http://dlvr.it/Rx3XDv
152,1379158014616211457,Mon Apr 05 19:44:28 +0000 2021,https://tradytics.com/bullseye-dashboard?alert=-JZS95-M01eD-QCJDb-TwahU-vveZw
153,1379157476679946242,Mon Apr 05 19:42:20 +0000 2021,https://www.smartoptions.ai
154,1379157433684140033,Mon Apr 05 19:42:10 +0000 2021,https://discord.gg/TSeTFYz
155,1379156938865270786,Mon Apr 05 19:40:12 +0000 2021,https://www.otcmarkets.com/stock/BTHR/news/Sports-Venues-of-Florida-OTCMKTS-BTHR-Releases-Management-Report-for-the-Week-Ended-March-20-2021-Includes-Overview-of-Q?id=294625
156,1379156897555742723,Mon Apr 05 19:40:02 +0000 2021,https://bit.ly/2R0GDLm
157,1379156887816581121,Mon Apr 05 19:40:00 +0000 2021,http://theburdettelawfirm.com/mobile/tw501.html
158,1379156799098548224,Mon Apr 05 19:39:39 +0000 2021,https://www.otcmarkets.com/stock/BTHR/news/Sports-Venues-of-Florida-OTCMKTS-BTHR-Releases-Management-Report-for-the-Week-Ended-March-20-2021-Includes-Overview-of-Q?id=294625
159,1379156604562640915,Mon Apr 05 19:38:52 +0000 2021,https://youtu.be/fJcNpbF_s8g
160,1379156455949885441,Mon Apr 05 19:38:17 +0000 2021,https://www.clsholdingsinc.com/investors/news-events
161,1379156159744126982,Mon Apr 05 19:37:06 +0000 2021,https://www.cnet.com/google-amp/news/tim-cook-acknowledges-ars-importance-in-apples-future/?__twitter_impression=true
162,1379156140316053506,Mon Apr 05 19:37:01 +0000 2021,https://www.cnet.com/google-amp/news/tim-cook-acknowledges-ars-importance-in-apples-future/?__twitter_impression=true
163,1379156099501334533,Mon Apr 05 19:36:52 +0000 2021,https://www.cnet.com/google-amp/news/tim-cook-acknowledges-ars-importance-in-apples-future/?__twitter_impression=true
164,1379156045566767107,Mon Apr 05 19:36:39 +0000 2021,https://twitter.com/ivflow/status/1379053224087420930
165,1379156044937457664,Mon Apr 05 19:36:39 +0000 2021,https://apple.co/2XZuTYw
166,1379156035286396928,Mon Apr 05 19:36:36 +0000 2021,https://apple.co/2XZuTYw
167,1379155935772483589,Mon Apr 05 19:36:13 +0000 2021,https://www.cnet.com/google-amp/news/tim-cook-acknowledges-ars-importance-in-apples-future/?__twitter_impression=true
168,1379155649712513024,Mon Apr 05 19:35:05 +0000 2021,https://www.finscreener.org/analysts/target-price-and-potential/nq100
169,1379155320816066560,Mon Apr 05 19:33:46 +0000 2021,https://www.otcmarkets.com/stock/BTHR/news/Sports-Venues-of-Florida-OTCMKTS-BTHR-Releases-Management-Report-for-the-Week-Ended-March-20-2021-Includes-Overview-of-Q?id=294625
170,1379155313253871621,Mon Apr 05 19:33:44 +0000 2021,https://www.finscreener.org/analysts/target-price-and-potential/sp500
171,1379155023867838464,Mon Apr 05 19:32:35 +0000 2021,https://www.finscreener.org/analysts/target-price-and-potential/dj30
172,1379154972395331593,Mon Apr 05 19:32:23 +0000 2021,https://twitter.com/alphatrades7/status/1378839353716314116
173,1379154504575246338,Mon Apr 05 19:30:31 +0000 2021,https://www.clsholdingsinc.com/investors/news-events
174,1379154437541822464,Mon Apr 05 19:30:16 +0000 2021,https://srnk.us/go/2648189
175,1379154370231590913,Mon Apr 05 19:29:59 +0000 2021,https://www.smartoptions.ai
176,1379154302111911938,Mon Apr 05 19:29:43 +0000 2021,https://www.clsholdingsinc.com/investors/news-events
177,1379153936825806848,Mon Apr 05 19:28:16 +0000 2021,https://twitter.com/StockTradesUSA/status/1375801688196440064
178,1379153897197985792,Mon Apr 05 19:28:07 +0000 2021,http://dlvr.it/Rx3VBJ
179,1379153646341001218,Mon Apr 05 19:27:07 +0000 2021,https://twitter.com/zen_n_trade/status/1377311275403857926
180,1379153475506823169,Mon Apr 05 19:26:26 +0000 2021,https://www.bloomberg.com/news/newsletters/2021-04-04/streaming-services-have-finally-run-out-of-new-shows-kind-of
181,1379153264738934785,Mon Apr 05 19:25:36 +0000 2021,https://www.otcmarkets.com/stock/BTHR/news/Sports-Venues-of-Florida-OTCMKTS-BTHR-Releases-Management-Report-for-the-Week-Ended-March-20-2021-Includes-Overview-of-Q?id=294625
182,1379153168890691585,Mon Apr 05 19:25:13 +0000 2021,https://www.clsholdingsinc.com/investors/news-events
183,1379153119834210309,Mon Apr 05 19:25:01 +0000 2021,http://ow.ly/BeoR30rDkpn
184,1379153081426796544,Mon Apr 05 19:24:52 +0000 2021,https://www.otcmarkets.com/stock/BTHR/news/Sports-Venues-of-Florida-OTCMKTS-BTHR-Releases-Management-Report-for-the-Week-Ended-March-20-2021-Includes-Overview-of-Q?id=294625
185,1379153041618841602,Mon Apr 05 19:24:43 +0000 2021,http://www.cityfalcon.com/watchlists?assets=$AAPL
186,1379152974560124928,Mon Apr 05 19:24:27 +0000 2021,https://discord.gg/XfEp7ThJF8
187,1379152817009528834,Mon Apr 05 19:23:49 +0000 2021,https://www.smartoptions.ai
188,1379152715901722630,Mon Apr 05 19:23:25 +0000 2021,http://xclusive-trading.com
189,1379152486804692995,Mon Apr 05 19:22:30 +0000 2021,https://www.stck.pro/news/AAPL/12083938
190,1379152444442165249,Mon Apr 05 19:22:20 +0000 2021,https://www.youtube.com/watch?v=OKi1cQuLcRw
191,1379151715350548485,Mon Apr 05 19:19:26 +0000 2021,https://facebook.com/jfadvisor/photos/a.112189817634750/115135837340148/
192,1379151263808413697,Mon Apr 05 19:17:39 +0000 2021,https://www.smartoptions.ai
193,1379151252257390599,Mon Apr 05 19:17:36 +0000 2021,https://twitter.com/Beth_Kindig/status/1379104072830234638
194,1379151155725406208,Mon Apr 05 19:17:13 +0000 2021,http://smartoptions.ai/post/1million
195,1379150329430835206,Mon Apr 05 19:13:56 +0000 2021,https://dfdnews.com/2021/04/01/california-restaurant-visits-surge-after-vaccine-success/
196,1379149941281464323,Mon Apr 05 19:12:24 +0000 2021,https://apple.co/2XZuTYw
197,1379149932142022658,Mon Apr 05 19:12:21 +0000 2021,https://apple.co/2XZuTYw
198,1379149912034660356,Mon Apr 05 19:12:17 +0000 2021,https://twitter.com/WWSubstack/status/1374870452007538693
199,1379149710557020163,Mon Apr 05 19:11:29 +0000 2021,https://www.smartoptions.ai
200,1379149510245552128,Mon Apr 05 19:10:41 +0000 2021,https://youtu.be/JPEKTnO7HO0Bei
201,1379149470584176645,Mon Apr 05 19:10:31 +0000 2021,http://optionsonar.com/unusual-option-activity/aapl/latest-trades
202,1379149387503431684,Mon Apr 05 19:10:11 +0000 2021,"https://thebubbleboard.com/?tickers=SNDL,AMC,AAPL,F,PLTR,VIAC,BAC,DNN,TSLA,CCL&name=Apr%205%20most%20active&utm_medium=twtr-post"
203,1379149363247603713,Mon Apr 05 19:10:06 +0000 2021,http://dlvr.it/Rx3S3n
204,1379149352539590659,Mon Apr 05 19:10:03 +0000 2021,http://dlvr.it/Rx3S0Q
205,1379149338253856771,Mon Apr 05 19:10:00 +0000 2021,http://theburdettelawfirm.com/mobile/tw500.html
206,1379148881896824837,Mon Apr 05 19:08:11 +0000 2021,https://newsfilter.io/articles/what-you-might-see-with-apples-new-imac-redesign-report-d2bd28eba57c4c6832fbef8b9aa1751f
207,1379148156961701888,Mon Apr 05 19:05:18 +0000 2021,https://www.cnet.com/google-amp/news/tim-cook-acknowledges-ars-importance-in-apples-future/?__twitter_impression=true
208,1379147825179729920,Mon Apr 05 19:03:59 +0000 2021,https://www.cnet.com/google-amp/news/tim-cook-acknowledges-ars-importance-in-apples-future/?__twitter_impression=true
209,1379147128124149762,Mon Apr 05 19:01:13 +0000 2021,https://twitter.com/waltmossberg/status/1379103385249546242
210,1379146985639448579,Mon Apr 05 19:00:39 +0000 2021,https://twitter.com/optionsprochick/status/1379066392922759173
211,1379146407463034880,Mon Apr 05 18:58:21 +0000 2021,https://dfdnews.com/2021/02/12/consumers-spend-2.3-billion-hours-in-mobile-shopping-apps-in-a-single-week/
212,1379146365276655616,Mon Apr 05 18:58:11 +0000 2021,https://twitter.com/keggy24/status/1352286033510084615
213,1379145886249361408,Mon Apr 05 18:56:17 +0000 2021,https://podcasts.apple.com/ca/podcast/is-apples-privacy-push-facebooks-existential-threat/id1528594034?i=1000515797139
214,1379145677633159176,Mon Apr 05 18:55:27 +0000 2021,https://invst.ly/hosc9
215,1379145609266016264,Mon Apr 05 18:55:11 +0000 2021,https://www.fool.com/investing/2021/04/05/buy-top-tech-stock-jabil-if-you-havent-already/
216,1379145049443725314,Mon Apr 05 18:52:57 +0000 2021,https://apple.co/2XZuTYw
217,1379145040098779139,Mon Apr 05 18:52:55 +0000 2021,https://apple.co/2XZuTYw
218,1379145026937122816,Mon Apr 05 18:52:52 +0000 2021,https://apple.co/2XZuTYw
219,1379145017705472002,Mon Apr 05 18:52:50 +0000 2021,https://apple.co/2XZuTYw
220,1379144827967696897,Mon Apr 05 18:52:04 +0000 2021,http://dlvr.it/Rx3Pd3
221,1379144826566811650,Mon Apr 05 18:52:04 +0000 2021,http://dlvr.it/Rx3PcK
222,1379144821269430272,Mon Apr 05 18:52:03 +0000 2021,http://dlvr.it/Rx3PZm
223,1379144282515341320,Mon Apr 05 18:49:54 +0000 2021,https://twitter.com/StocksOtc/status/1347272009261191170
224,1379143725474004992,Mon Apr 05 18:47:42 +0000 2021,https://twitter.com/bbiittccooiinn/status/1306974283126550533
225,1379143698613669893,Mon Apr 05 18:47:35 +0000 2021,https://twitter.com/BusinessInsider/status/1379143400834863112
226,1379143494887829507,Mon Apr 05 18:46:47 +0000 2021,https://apple.co/2XZuTYw
227,1379143328806051846,Mon Apr 05 18:46:07 +0000 2021,https://twitter.com/ThetaWarrior/status/1379073327944228867
228,1379143275546865667,Mon Apr 05 18:45:54 +0000 2021,https://youtu.be/C81dCc2T-uE
229,1379143156625719300,Mon Apr 05 18:45:26 +0000 2021,https://finance.yahoo.com/news/boatim-announces-florida-cfo-151900605.html
230,1379142743260270595,Mon Apr 05 18:43:47 +0000 2021,https://seekingalpha.com/amp/article/4415448-ouster-lidar-self-driving-play
231,1379142428477829124,Mon Apr 05 18:42:32 +0000 2021,https://www.bnnbloomberg.ca/at-60-tim-cook-doubts-he-ll-be-at-apple-for-10-more-years-1.1586270
232,1379141407177342978,Mon Apr 05 18:38:29 +0000 2021,https://jjjinvesting.com
233,1379141305641496578,Mon Apr 05 18:38:05 +0000 2021,https://apple.co/2XZuTYw
234,1379141296212692996,Mon Apr 05 18:38:02 +0000 2021,https://apple.co/2XZuTYw
235,1379141225203261444,Mon Apr 05 18:37:45 +0000 2021,https://twitter.com/cfromhertz/status/1379070799311740930
236,1379140964569202688,Mon Apr 05 18:36:43 +0000 2021,https://dfdnews.com/2021/04/05/the-sp-500-at-4000-kitten-nfts-for-1m-and-job-gains-of-800000/
237,1379140932021465089,Mon Apr 05 18:36:36 +0000 2021,https://podcasts.apple.com/us/podcast/sway/id1528594034?i=1000515797139
238,1379140620044931076,Mon Apr 05 18:35:21 +0000 2021,https://twitter.com/cfromhertz/status/1379131916956413959
239,1379140530345369602,Mon Apr 05 18:35:00 +0000 2021,https://tinyurl.com/y2yd4gjy
240,1379140404906446852,Mon Apr 05 18:34:30 +0000 2021,https://www.macrumors.com/2021/03/30/4nm-chips-for-apple-silicon-macs/
241,1379140293409218560,Mon Apr 05 18:34:03 +0000 2021,http://dlvr.it/Rx3MWw
242,1379139450685513732,Mon Apr 05 18:30:42 +0000 2021,https://www.otcmarkets.com/stock/BTHR/news/Sports-Venues-of-Florida-OTCMKTS-BTHR-Releases-Management-Report-for-the-Week-Ended-March-20-2021-Includes-Overview-of-Q?id=294625
243,1379139447850209282,Mon Apr 05 18:30:42 +0000 2021,https://www.clsholdingsinc.com/investors/news-events
244,1379139390413279233,Mon Apr 05 18:30:28 +0000 2021,https://app.captain.solutions/currents
245,1379139310268600324,Mon Apr 05 18:30:09 +0000 2021,https://twitter.com/Dividend_Dollar/status/1379138674772766721
246,1379138967249985537,Mon Apr 05 18:28:47 +0000 2021,https://twitter.com/StockTradesUSA/status/1376491232449323012
247,1379138839004913664,Mon Apr 05 18:28:17 +0000 2021,https://www.publicvaluation.com/post/multiples
248,1379138754326200325,Mon Apr 05 18:27:56 +0000 2021,https://twitter.com/gamestop/status/1379116691498618883
249,1379138410443595779,Mon Apr 05 18:26:34 +0000 2021,https://quantdata.us/news/20486276
250,1379138117102264320,Mon Apr 05 18:25:24 +0000 2021,https://apple.news/A3X5mtdOtQFqOaqWe3O9xsg
251,1379138025247113221,Mon Apr 05 18:25:03 +0000 2021,http://ow.ly/lfRH30rDkpm
252,1379137943118430214,Mon Apr 05 18:24:43 +0000 2021,https://seekingalpha.com/news/3679224-apple-ceo-tim-cook-discusses-his-time-left-at-apple-and-epic-battle-hints-at-car?source=tweet
253,1379137504847204357,Mon Apr 05 18:22:58 +0000 2021,https://dfdnews.com/2021/04/05/making-sense-of-grocery/
254,1379137468985921538,Mon Apr 05 18:22:50 +0000 2021,https://dfdnews.com/2021/03/30/chewy-earnings-preview-bringing-the-bacon-home
255,1379136884866179072,Mon Apr 05 18:20:31 +0000 2021,https://dfdnews.com/2021/04/01/weworks-9b-co-working-space/
256,1379136810799013896,Mon Apr 05 18:20:13 +0000 2021,https://twitter.com/thestreet/status/1379116894972690444
257,1379136279879749635,Mon Apr 05 18:18:06 +0000 2021,https://youtu.be/wo3hf48mfXQ
258,1379136151659765762,Mon Apr 05 18:17:36 +0000 2021,http://dlvr.it/Rx3K7t
259,1379136146228146177,Mon Apr 05 18:17:35 +0000 2021,http://dlvr.it/Rx3K70
260,1379136140201009152,Mon Apr 05 18:17:33 +0000 2021,http://dlvr.it/Rx3K5K
261,1379136051726450691,Mon Apr 05 18:17:12 +0000 2021,https://dfdnews.com/2021/03/30/chewy-earnings-preview-bringing-the-bacon-home
262,1379135562074963973,Mon Apr 05 18:15:15 +0000 2021,https://www.theverge.com/2021/4/5/22367715/tim-cook-augmented-reality-apple-car-hints-interview
263,1379135465928937479,Mon Apr 05 18:14:52 +0000 2021,https://dfdnews.com/2021/03/30/chewy-earnings-preview-bringing-the-bacon-home
264,1379135383737311233,Mon Apr 05 18:14:33 +0000 2021,https://www.bnnbloomberg.ca/at-60-tim-cook-doubts-he-ll-be-at-apple-for-10-more-years-1.1586270
265,1379135263746654209,Mon Apr 05 18:14:04 +0000 2021,https://www.nytimes.com/2021/04/05/opinion/is-apples-privacy-push-facebooks-existential-threat.html?referringSource=articleShare
266,1379135202795130892,Mon Apr 05 18:13:50 +0000 2021,https://dfdnews.com/2021/03/30/chewy-earnings-preview-bringing-the-bacon-home
267,1379134915879428097,Mon Apr 05 18:12:41 +0000 2021,https://twitter.com/winningceo/status/1378195855728128001
268,1379134209911107588,Mon Apr 05 18:09:53 +0000 2021,https://dfdnews.com/2021/04/05/making-sense-of-grocery/
269,1379134171805839363,Mon Apr 05 18:09:44 +0000 2021,http://www.aheadsup.com/twitter/newsentiment.html?user=usequities
270,1379133732473475078,Mon Apr 05 18:07:59 +0000 2021,https://twitter.com/zen_n_trade/status/1377679056393674753
